,sham.pval,sham.fdr,sna.pval,sna.fdr,sna.log2Ratio.fwd,sna.log2Ratio.rev,sham.log2Ratio.fwd,sham.log2Ratio.rev,sna.mean,sham.mean
Eif4a1,NA,NA,0.0268726405702876,0.0471026059434254,NA,1.295588355,NA,NA,1.295588355,NA
fasta:Igkv2-137,0.737812799146029,0.80377619509617,5.29843555888467e-05,0.000206638986796502,0.878136767,4.829182727,-3.357551644,1.613343538,2.853659747,-0.872104053
Flnb,NA,NA,0.00915262404078159,0.0191652261793547,NA,1.639984148,NA,NA,1.639984148,NA
LLRep3,NA,NA,0.00819853710128495,0.0180136871521191,1.750349241,1.594530372,NA,NA,1.6724398065,NA
Pcbp2,NA,NA,0.0159341752016338,0.0303137967250595,1.358339994,1.580310105,NA,NA,1.4693250495,NA
Pygm,0.872981205342549,0.920547488966982,0.0022123295301296,0.00595040356379686,2.029417547,NA,-0.350872036,NA,2.029417547,-0.350872036
Rbfox3,NA,NA,0.00140296748408919,0.0040158335324388,2.077619008,2.208494292,NA,NA,2.14305665,NA
Sf3b1,NA,NA,0.0153027360642509,0.0292911266996705,NA,1.48221032,NA,NA,1.48221032,NA
